{
  "values": [
    2.16606498194946,
    0.36101083032491,
    0.72202166064982,
    8.66425992779783,
    0.72202166064982,
    1.44404332129964,
    0.36101083032491,
    0.72202166064982,
    9.02527075812274,
    2.52707581227437,
    2.52707581227437,
    1.80505415162455,
    0.36101083032491,
    0.36101083032491,
    1.44404332129964,
    0.36101083032491,
    1.08303249097473,
    1.80505415162455,
    2.88808664259928,
    3.6101083032491,
    1.44404332129964,
    0.36101083032491,
    1.44404332129964,
    1.08303249097473,
    0.36101083032491,
    0.36101083032491,
    2.88808664259928,
    10.1083032490975,
    4.33212996389892,
    0.36101083032491,
    6.13718411552347,
    0.72202166064982,
    0.36101083032491,
    9.02527075812274,
    0.36101083032491,
    3.6101083032491,
    0.36101083032491,
    1.44404332129964,
    5.77617328519856,
    2.16606498194946,
    2.16606498194946,
    0.36101083032491,
    1.80505415162455
  ],
  "labels": [
    "Xxxxxxx",
    "Xxxxxxx",
    "Xxxxxxxx",
    "Xxxxxxxxxx",
    "Xxxxxxxx",
    "Xxxxxxxxxxx",
    "Xxxxxxxx",
    "Xxxxxxxx xx Xxxxxxxx",
    "Xxxxxxx",
    "Xxxxxxx",
    "Xxxxxxxx",
    "Xxxxxxx",
    "Xxxx",
    "Xxxxxx",
    "Xxxxxxxx",
    "Xxxxxxxxx",
    "Xxxxx",
    "Xxxxxxxx",
    "Xxxxxxxxxxxxx",
    "Xxxxxxxx",
    "Xxxxxxxxx",
    "Xxxxxxxxxxx",
    "Xxxxxxxx",
    "Xxxxxxxx",
    "Xxxxxx",
    "Xxx Xxxxxxxxx",
    "Xxx Xxxxxx",
    "Xxx Xxxx",
    "Xxxxx Xxxxxxxx",
    "Xxxxx Xxxxxx",
    "Xxxx",
    "Xxxxxxxx",
    "Xxxxxx",
    "Xxxxxxxxxxxx",
    "Xxxxx Xxxxxx",
    "Xxxxx Xxxxxxxx",
    "Xxxxx Xxxxxx",
    "Xxxxxxxxx",
    "Xxxxx",
    "Xxxxxxxx",
    "Xxxxxxxxxx",
    "Xxxx Xxxxxxxx",
    "Xxxxxxxxx"
  ],
  "settings": {
    "valuesFont": "Arial",
    "valuesSize": 10,
    "valuesColor": [
      "#5C9AD3",
      "#ED7D31",
      "#A5A5A5",
      "#FFC000",
      "#4473C5",
      "#70AD46",
      "#255F91",
      "#9E480D",
      "#636365",
      "#987300",
      "#26408B",
      "#42682B",
      "#5C9AD3",
      "#ED7D31",
      "#A5A5A5",
      "#FFC000",
      "#4473C5",
      "#70AD46",
      "#255F91",
      "#9E480D",
      "#636365",
      "#987300",
      "#26408B",
      "#42682B",
      "#5C9AD3",
      "#ED7D31",
      "#A5A5A5",
      "#FFC000",
      "#4473C5",
      "#70AD46",
      "#255F91",
      "#9E480D",
      "#636365",
      "#987300",
      "#26408B",
      "#42682B",
      "#5C9AD3",
      "#ED7D31",
      "#A5A5A5",
      "#FFC000",
      "#4473C5",
      "#70AD46",
      "#255F91"
    ],
    "valuesDisplay": "original",
    "valuesOrder": "initial",
    "valuesDec": 0,
    "labelsFont": "Arial",
    "labelsSize": 10,
    "labelsColor": "#2C2C2C",
    "labelsInner": false,
    "labelsBold": false,
    "labelsMinFontSize": 10,
    "groups": null,
    "groupsFont": "Arial",
    "groupsFontColor": "#2C2C2C",
    "groupsSize": 10,
    "groupsBold": false,
    "groupsColor": null,
    "groupsNames": null,
    "groupsSums": null,
    "groupsCounts": null,
    "groupLabelsMinFontSize": 10,
    "footer": "",
    "footerFontFamily": null,
    "footerFontSize": null,
    "footerFontColor": null,
    "title": "Xxxxx",
    "titleFontFamily": "Arial",
    "titleFontSize": 16,
    "titleFontColor": "#2C2C2C",
    "titleTopPadding": 0,
    "subtitle": "",
    "subtitleFontFamily": null,
    "subtitleFontSize": null,
    "subtitleFontColor": null,
    "prefix": "",
    "suffix": "%",
    "orderControl": false,
    "gradient": false,
    "innerRadius": "0.7",
    "minAngle": 0.003,
    "borderColor": "#FFFFFF"
  }
}